[
  {
    "order": 1,
    "title": "Task – Tạo phần khung trang và header cho website blog cá nhân SimpleBlog",
    "requirement": "Viết phần <head> cho trang blog cá nhân “SimpleBlog - Julia Walker's Personal Blog` với các yêu cầu:\n\n- Khai báo charset UTF-8, meta X-UA-Compatible cho IE, meta viewport cho responsive.\n- Đặt tiêu đề trang là: SimpleBlog - Julia Walker's Personal Blog.\n- Thêm favicon từ đường dẫn ./assets/images/favicon.ico.\n- Liên kết file CSS chính ./assets/css/style.css.\n- Tích hợp Google Font Inter với đủ dải weight.\n\nTạo cấu trúc <body> với class mặc định light-theme và phần <header> như sau:\n\n- Bên trong có thẻ bọc .container và <nav class=\"navbar\">.\n- Logo gồm hai phiên bản hình ảnh (sáng và tối) dùng để đổi theme, đặt trong thẻ <a> trỏ về trang chủ.\n- Nhóm nút bên phải (.btn-group) gồm:\n  - Nút đổi theme cho mobile (.theme-btn.theme-btn-mobile) có icon mặt trăng và mặt trời từ Ionicons.\n  - Nút mở menu mobile (.nav-menu-btn) dùng icon menu-outline.\n- Thanh điều hướng cho desktop (.flex-wrapper) chứa:\n  - Danh sách menu chính (.desktop-nav) với các mục Home, About Me, Contact.\n  - Nút đổi theme cho desktop (.theme-btn.theme-btn-desktop) cũng có icon mặt trăng/mặt trời.\n- Menu dành cho mobile (.mobile-nav) với:\n  - Nút đóng menu (.nav-close-btn) dùng icon close-outline.\n  - Phần “Main Menu” gồm các link Home, About Me, Contact.\n  - Phần “Topics” gồm các link Database, Accessibility, Web Performance.\n\nYêu cầu cấu trúc HTML rõ ràng, đặt class hợp lý để có thể dễ dàng thêm CSS và JavaScript cho chức năng đổi theme và mở/đóng menu sau này.",
    "duration": 24,
    "examples": [
      "<head>\n  <meta charset=\"UTF-8\">\n  <meta http-equiv=\"X-UA-Compatible\" content=\"IE=edge\">\n  <meta name=\"viewport\" content=\"width=device-width, initial-scale=1.0\">\n  <title>SimpleBlog - Julia Walker's Personal Blog</title>\n  <link rel=\"shortcut icon\" href=\"./assets/images/favicon.ico\" type=\"image/x-icon\">\n  <link rel=\"stylesheet\" href=\"./assets/css/style.css\">\n  <link rel=\"preconnect\" href=\"https://fonts.googleapis.com\">\n  <link rel=\"preconnect\" href=\"https://fonts.gstatic.com\" crossorigin>\n  <link href=\"https://fonts.googleapis.com/css2?family=Inter:wght@200;300;400;500;600;700;800;900&display=swap\" rel=\"stylesheet\">\n</head>\n\n<body class=\"light-theme\">\n  <header>\n    <div class=\"container\">\n      <nav class=\"navbar\">\n        <a href=\"#\">\n          <img src=\"./assets/images/logo-light.svg\" alt=\"SimpleBlog logo\" width=\"150\" class=\"logo-light\">\n          <img src=\"./assets/images/logo-dark.svg\" alt=\"SimpleBlog logo\" width=\"150\" class=\"logo-dark\">\n        </a>\n        <div class=\"btn-group\">\n          <button class=\"theme-btn theme-btn-mobile light\">\n            <ion-icon name=\"moon\" class=\"moon\"></ion-icon>\n            <ion-icon name=\"sunny\" class=\"sun\"></ion-icon>\n          </button>\n          <button class=\"nav-menu-btn\">\n            <ion-icon name=\"menu-outline\"></ion-icon>\n          </button>\n        </div>\n        <div class=\"flex-wrapper\">\n          <ul class=\"desktop-nav\">\n            <li><a href=\"#\" class=\"nav-link\">Home</a></li>\n            <li><a href=\"#\" class=\"nav-link\">About Me</a></li>\n            <li><a href=\"#\" class=\"nav-link\">Contact</a></li>\n          </ul>\n          <button class=\"theme-btn theme-btn-desktop light\">\n            <ion-icon name=\"moon\" class=\"moon\"></ion-icon>\n            <ion-icon name=\"sunny\" class=\"sun\"></ion-icon>\n          </button>\n        </div>\n        <div class=\"mobile-nav\">\n          <button class=\"nav-close-btn\">\n            <ion-icon name=\"close-outline\"></ion-icon>\n          </button>\n          <div class=\"wrapper\">\n            <p class=\"h3 nav-title\">Main Menu</p>\n            <ul>\n              <li class=\"nav-item\"><a href=\"#\" class=\"nav-link\">Home</a></li>\n              <li class=\"nav-item\"><a href=\"#\" class=\"nav-link\">About Me</a></li>\n              <li class=\"nav-item\"><a href=\"#\" class=\"nav-link\">Contact</a></li>\n            </ul>\n          </div>\n          <div>\n            <p class=\"h3 nav-title\">Topics</p>\n            <ul>\n              <li class=\"nav-item\"><a href=\"#\" class=\"nav-link\">Database</a></li>\n              <li class=\"nav-item\"><a href=\"#\" class=\"nav-link\">Accessibility</a></li>\n              <li class=\"nav-item\"><a href=\"#\" class=\"nav-link\">Web Performance</a></li>\n            </ul>\n          </div>\n        </div>\n      </nav>\n    </div>\n  </header>\n</body>"
    ],
    "testcases": []
  },
  {
    "order": 2,
    "title": "Task – Tạo Hero Section giới thiệu cá nhân cho trang blog SimpleBlog",
    "requirement": "Tạo một khối hero (<div class=\"hero\">) làm phần giới thiệu chính ở đầu trang với bố cục 2 cột, nằm trong .container:\n\nCột trái (.left):\n- Tiêu đề lớn (h1.h1) giới thiệu: “Hi, I'm Julia Walker. Web Developer”, trong đó tên Julia Walker được in đậm và xuống dòng trước “Web Developer”.\n- Đoạn mô tả ngắn (p.h3) nêu chuyên môn, trong đó từ viết tắt a11y được đặt trong thẻ abbr với title là “Accessibility”, kèm cụm “and Core Web Vitals”.\n- Nhóm hai nút (.btn-group): nút chính “Contact Me” (class btn btn-primary) và nút phụ “About Me” (class btn btn-secondary), đều là thẻ <a>.\n\nCột phải (.right):\n- Một khối nền trang trí (.pattern-bg).\n- Hộp chứa ảnh (.img-box) hiển thị hình chân dung hero.png (class hero-img) và hai hình trang trí (.shape.shape-1 và .shape.shape-2).\n\nYêu cầu cấu trúc HTML rõ ràng, đặt class hợp lý để có thể dễ dàng áp dụng CSS cho bố cục 2 cột, hiệu ứng nền, hình trang trí, và style cho các nút kêu gọi hành động.",
    "duration": 24,
    "examples": [
      "<div class=\"hero\">\n  <div class=\"container\">\n    <div class=\"left\">\n      <h1 class=\"h1\">\n        Hi, I'm <b>Julia&nbsp;Walker</b>.\n        <br>Web Developer\n      </h1>\n      <p class=\"h3\">\n        Specialized in <abbr title=\"Accessibility\">a11y</abbr>\n        and Core Web Vitals\n      </p>\n      <div class=\"btn-group\">\n        <a href=\"#\" class=\"btn btn-primary\">Contact Me</a>\n        <a href=\"#\" class=\"btn btn-secondary\">About Me</a>\n      </div>\n    </div>\n    <div class=\"right\">\n      <div class=\"pattern-bg\"></div>\n      <div class=\"img-box\">\n        <img src=\"./assets/images/hero.png\" alt=\"Julia Walker\" class=\"hero-img\">\n        <div class=\"shape shape-1\"></div>\n        <div class=\"shape shape-2\"></div>\n      </div>\n    </div>\n  </div>\n</div>"
    ],
    "testcases": []
  },
  {
    "order": 3,
    "title": "Task – Tạo danh sách “Latest Blog Post” hiển thị các bài viết mới nhất",
    "requirement": "Tạo một khối blog (<div class=\"blog\">) với tiêu đề Latest Blog Post (thẻ h2.h2) để giới thiệu danh sách bài viết mới nhất trên trang.\n\nBên trong, tạo một nhóm thẻ bài viết (.blog-card-group) chứa nhiều thẻ bài (.blog-card), mỗi thẻ có cấu trúc:\n- Phần banner (.blog-card-banner) hiển thị ảnh thumbnail bài viết (img.blog-banner-img), mỗi ảnh có src, alt mô tả nội dung, và chiều rộng cố định.\n- Phần nội dung (.blog-content-wrapper) gồm:\n  - Nút nhỏ hiển thị chủ đề bài viết (button.blog-topic.text-tiny), ví dụ: Database, Web Performance, Accessibility.\n  - Tiêu đề bài viết (h3 chứa link a.h3) hiển thị tên bài viết, có thể click để chuyển trang chi tiết.\n  - Đoạn mô tả ngắn (p.blog-text) tóm tắt nội dung chính của bài.\n  - Khu vực thông tin tác giả và thời gian (.wrapper-flex):\n    - Ảnh đại diện tác giả (.profile-wrapper chứa img), dùng chung một ảnh tác giả.\n    - Phần thông tin (.wrapper) gồm:\n      - Tên tác giả (a.h4 – Julia Walker).\n      - Dòng thông tin nhỏ (p.text-sm) hiển thị ngày đăng bài (time với datetime dạng ngày), một dấu phân cách (.separator), icon thời gian đọc (ion-icon name=\"time-outline\") và thời lượng đọc ước tính (time với datetime dạng ISO, ví dụ PT3M).\n\nTạo nhiều thẻ .blog-card tương ứng với nhiều chủ đề (Database, Web Performance, Accessibility) và nhiều bài khác nhau, mỗi bài có ảnh, tiêu đề, mô tả, ngày đăng và thời lượng đọc cụ thể như trong mẫu.\n\nThêm một nút Load More (class btn load-more) bên dưới danh sách để sau này có thể dùng tải thêm bài viết.",
    "duration": 48,
    "examples": [
      "<div class=\"blog\">\n  <h2 class=\"h2\">Latest Blog Post</h2>\n  <div class=\"blog-card-group\">\n    <!-- nhiều .blog-card giống cấu trúc mẫu -->\n  </div>\n  <button class=\"btn load-more\">Load More</button>\n</div>"
    ],
    "testcases": []
  },
  {
    "order": 4,
    "title": "Task – Tạo khối Aside cho trang blog với Topics, Tags, Contact và Newsletter",
    "requirement": "Tạo một khối aside chung với class aside đặt ở cạnh nội dung chính của blog, gồm 4 phần nhỏ:\n\nPhần Topics:\n- Tiêu đề Topics (thẻ h2 với class h2).\n- Danh sách 3 chủ đề, mỗi chủ đề là một thẻ a với class topic-btn, bên trong gồm:\n  - div.icon-box chứa icon Ionicons tương ứng (server-outline, accessibility-outline, rocket-outline).\n  - Thẻ p hiển thị tên chủ đề: Database, Accessibility, Web Performance.\n\nPhần Tags:\n- Tiêu đề Tags (thẻ h2.h2).\n- Một div.wrapper chứa nhiều nút tag (button.hashtag) với các hashtag: #mongodb, #nodejs, #a11y, #mobility, #inclusion, #webperf, #optimize, #performance.\n\nPhần Contact:\n- Tiêu đề Let's Talk (thẻ h2.h2).\n- Đoạn văn mô tả mời người dùng liên hệ để trao đổi về việc hỗ trợ công ty.\n- Danh sách mạng xã hội (ul.social-link) gồm các mục li, mỗi mục chứa một link a.icon-box với class theo nền tảng (discord, twitter, facebook) và icon Ionicons tương ứng (logo-discord, logo-twitter, logo-facebook).\n\nPhần Newsletter:\n- Tiêu đề Newsletter (thẻ h2.h2).\n- Đoạn mô tả mời người dùng đăng ký nhận bản tin.\n- Form đăng ký (form) với input email (type=\"email\", name=\"email\", placeholder \"Email Address\", required) và nút submit (button.btn.btn-primary) với nội dung \"Subscribe\".",
    "duration": 24,
    "examples": [
      "<div class=\"aside\">\n  <div class=\"topics\">\n    <h2 class=\"h2\">Topics</h2>\n    <a href=\"#\" class=\"topic-btn\">\n      <div class=\"icon-box\"><ion-icon name=\"server-outline\"></ion-icon></div>\n      <p>Database</p>\n    </a>\n    <a href=\"#\" class=\"topic-btn\">\n      <div class=\"icon-box\"><ion-icon name=\"accessibility-outline\"></ion-icon></div>\n      <p>Accessibility</p>\n    </a>\n    <a href=\"#\" class=\"topic-btn\">\n      <div class=\"icon-box\"><ion-icon name=\"rocket-outline\"></ion-icon></div>\n      <p>Web Performance</p>\n    </a>\n  </div>\n  <div class=\"tags\">\n    <h2 class=\"h2\">Tags</h2>\n    <div class=\"wrapper\">\n      <button class=\"hashtag\">#mongodb</button>\n      <button class=\"hashtag\">#nodejs</button>\n      <button class=\"hashtag\">#a11y</button>\n      <button class=\"hashtag\">#mobility</button>\n      <button class=\"hashtag\">#inclusion</button>\n      <button class=\"hashtag\">#webperf</button>\n      <button class=\"hashtag\">#optimize</button>\n      <button class=\"hashtag\">#performance</button>\n    </div>\n  </div>\n  <div class=\"contact\">\n    <h2 class=\"h2\">Let's Talk</h2>\n    <div class=\"wrapper\">\n      <p>Do you want to learn more about how I can help your company overcome problems? Let us have a conversation.</p>\n      <ul class=\"social-link\">\n        <li><a href=\"#\" class=\"icon-box discord\"><ion-icon name=\"logo-discord\"></ion-icon></a></li>\n        <li><a href=\"#\" class=\"icon-box twitter\"><ion-icon name=\"logo-twitter\"></ion-icon></a></li>\n        <li><a href=\"#\" class=\"icon-box facebook\"><ion-icon name=\"logo-facebook\"></ion-icon></a></li>\n      </ul>\n    </div>\n  </div>\n  <div class=\"newsletter\">\n    <h2 class=\"h2\">Newsletter</h2>\n    <div class=\"wrapper\">\n      <p>Subscribe to our newsletter to be among the first to keep up with the latest updates.</p>\n      <form action=\"#\">\n        <input type=\"email\" name=\"email\" placeholder=\"Email Address\" required>\n        <button type=\"submit\" class=\"btn btn-primary\">Subscribe</button>\n      </form>\n    </div>\n  </div>\n</div>"
    ],
    "testcases": []
  }
]