[
  {
    "order": 1,
    "title": "Task 1 – Cấu hình phần <head> của trang Landing Page",
    "requirement": "Task 1 – Cấu hình phần <head> của trang Landing Page. Viết phần <head> cho trang web Landing AppDev, bao gồm: khai báo charset UTF-8, meta viewport cho responsive, liên kết file CSS nội bộ, file JS nội bộ, tích hợp CDN Bootstrap Icons và đặt tiêu đề trang là “Landing - AppDev”.",
    "duration": 24,
    "examples": [
      "<head>\n    <meta charset=\"UTF-8\" />\n    <meta name=\"viewport\" content=\"width=device-width, initial-scale=1.0\" />\n    <link rel=\"stylesheet\" href=\"css/index.css\" />\n    <script src=\"js/index.js\"></script>\n    <link\n      rel=\"stylesheet\"\n      href=\"https://cdn.jsdelivr.net/npm/bootstrap-icons@1.10.2/font/bootstrap-icons.css\"\n    />\n    <title>Landing - AppDev</title>\n  </head>"
    ],
    "testcases": []
  },
  {
    "order": 2,
    "title": "Task 2 – Tạo Header & Navbar (menu điều hướng)",
    "requirement": "Tạo phần <header> chứa thanh điều hướng với logo AppDev (icon + chữ) và menu các mục: Home, Features, Services, About Us, Contact. Thiết kế CSS cho navbar theo kiểu flex, có hiệu ứng menu responsive dùng checkbox (icon menu hiển thị trên mobile), đồng thời định dạng màu sắc, font, khoảng cách cho logo và các mục menu.",
    "duration": 24,
    "examples": [
      "<header>\n      <nav class=\"navbar\">\n        <div class=\"logo\"><i class=\"bi bi-code-slash\"></i> AppDev</div>\n        <input type=\"checkbox\" name=\"check\" id=\"check\" />\n        <label for=\"check\" id=\"checkbtn\"><i class=\"bi bi-list\"></i></label>\n        <ul class=\"menu-items\">\n          <li><a href=\"#hero\">Home</a></li>\n          <li><a href=\"#features\">Features</a></li>\n          <li><a href=\"#services\">Services</a></li>\n          <li><a href=\"#about\">About Us</a></li>\n          <li><a href=\"#contact\">Contact</a></li>\n        </ul>\n      </nav>\n</header>\n\nheader {\n  .navbar {\n    height: 70px;\n    display: flex;\n    justify-content: space-between;\n    align-items: center;\n    background: transparent;\n\n    padding: 10px 26px;\n    .logo {\n      font-size: 2rem;\n      font-weight: 600;\n      font-family: \"Source Sans Pro\", sans-serif;\n      color: #1f3569;\n    }\n    #check {\n      display: none;\n    }\n    #check:checked ~ .menu-items {\n      left: 0;\n    }\n    #checkbtn {\n      font-size: 33px;\n      display: none;\n    }\n    .menu-items {\n      display: flex;\n      align-items: center;\n      justify-content: center;\n      transition: 0.3s all ease-in-out;\n      li {\n        list-style: none;\n        padding: 0 20px;\n        a {\n          text-decoration-line: none;\n          font-size: 18px;\n          color: #1f3569;\n          text-transform: uppercase;\n        }\n      }\n    }\n  }\n}"
    ],
    "testcases": []
  },
  {
    "order": 3,
    "title": "Task 3 – Thiết kế Hero Section (banner chính)",
    "requirement": "Tạo section #hero gồm 2 cột: bên trái là phần text với tiêu đề lớn, đoạn mô tả ngắn và nút “Get Started”; bên phải là hình ảnh minh họa (hero-bg.svg). Dùng CSS để bố cục flex theo hàng ngang, căn giữa nội dung, định dạng font, kích cỡ chữ, màu sắc, kích thước ảnh và nút bấm.",
    "duration": 24,
    "examples": [
      "<section id=\"hero\">\n      <div class=\"text\">\n        <h1>excepteur nostrud excepteur sunt</h1>\n        <p>\n          deserunt minim velit pariatur exercitation laborum ipsum cillum aliqua\n          dolor nisi ullamco sunt deserunt qui occaecat cupidatat quis ea id\n          aliqua exercitation adipisicing officia amet eu fugiat aliquip culpa\n          cillum\n        </p>\n        <button>Get Started</button>\n      </div>\n      <div class=\"img\">\n        <img src=\"./img/hero-bg.svg\" alt=\"\" />\n      </div>\n    </section>\n\n#hero {\n  margin: auto;\n\n  display: flex;\n  flex-direction: row;\n  padding: 30px;\n  height: 550px;\n  justify-content: space-between;\n  width: 100%;\n  .text {\n    margin: auto;\n    font-family: \"Source Sans Pro\", sans-serif;\n    text-align: center;\n    h1 {\n      font-size: 55px;\n      color: #1f3569;\n      padding: 10px;\n      margin-bottom: 10px;\n    }\n    p {\n      font-size: 18px;\n      padding: 18px;\n    }\n    button {\n      padding: 8px;\n      width: 40%;\n      border-radius: 40px;\n      border: none;\n      outline: none;\n      background: #1f3569;\n      color: white;\n    }\n  }\n  .img {\n    margin: auto;\n    img {\n      width: 550px;\n    }\n  }\n}"
    ],
    "testcases": []
  },
  {
    "order": 4,
    "title": "Task 4 – Tạo Features Section (tính năng nổi bật)",
    "requirement": "Tạo section #features gồm phần tiêu đề (text “Features”, heading “Quality Products is our promise..” và một hình ảnh minh họa) và phía dưới là lưới các thẻ “card” liệt kê các tính năng, mỗi card có icon dấu tích và tiêu đề (Friendly Behaviour, Budget Friendly, v.v.). Dùng CSS để căn giữa nội dung, tạo lưới 2 cột, chỉnh kích thước ảnh, bóng đổ, bo góc, màu chữ.",
    "duration": 24,
    "examples": [
      "<section id=\"features\">\n      <div class=\"content\">\n        <p>Features</p>\n        <h2>Quality Products is our promise..</h2>\n        <img src=\"./img/features.png\" alt=\"\" />\n      </div>\n      <div class=\"cards\">\n        <div class=\"card\">\n          <i class=\"bi bi-check\"></i>\n          <h3>Friendly Behaviour</h3>\n        </div>\n        <div class=\"card\">\n          <i class=\"bi bi-check\"></i>\n          <h3>Budget Friendly</h3>\n        </div>\n        <div class=\"card\">\n          <i class=\"bi bi-check\"></i>\n          <h3>Quality Developers</h3>\n        </div>\n        <div class=\"card\">\n          <i class=\"bi bi-check\"></i>\n          <h3>Maintenance Support</h3>\n        </div>\n        <div class=\"card\">\n          <i class=\"bi bi-check\"></i>\n          <h3>Correct time completion</h3>\n        </div>\n        <div class=\"card\">\n          <i class=\"bi bi-check\"></i>\n          <h3>Error Solving</h3>\n        </div>\n      </div>\n    </section>\n\n#features {\n  margin: auto;\n  width: 100%;\n\n  height: max-content;\n  display: flex;\n  flex-direction: column;\n  align-items: center;\n  padding: 30px;\n  .content {\n    text-align: center;\n    font-family: \"Source Sans Pro\", sans-serif;\n    p {\n      font-size: 23px;\n      margin-bottom: 10px;\n      color: #5e80d2;\n    }\n    h2 {\n      font-size: 33px;\n      color: #1f3569;\n    }\n    img {\n      width: 650px;\n      margin-top: 30px;\n    }\n  }\n  .cards {\n    display: grid;\n    grid-template-columns: repeat(2, 1fr);\n    grid-gap: 10px;\n    margin: 40px 0;\n    .card {\n      display: flex;\n      flex-direction: row;\n      align-items: center;\n      justify-content: center;\n      width: 300px;\n      padding: 20px;\n      box-shadow: 0px 2px 0px rgba(0, 0, 0, 0.1);\n      border-radius: 5px;\n      text-align: left;\n      background-color: #fff;\n      font-family: \"Source Sans Pro\", sans-serif;\n      color: #1f3569;\n      i {\n        font-size: 40px;\n      }\n    }\n  }\n}"
    ],
    "testcases": []
  },
  {
    "order": 5,
    "title": "Task 5 – Tạo Services Section (dịch vụ)",
    "requirement": "Tạo section #services với tiêu đề (“Services”, “Grow your business with us”) và một nhóm 3 card dịch vụ: Android Apps, Website, Other; mỗi card có icon tương ứng (Android, code, chat), tiêu đề và đoạn mô tả. Dùng CSS để sắp xếp card theo dạng grid, tạo viền dưới (màu khác nhau cho từng loại), đổ bóng nhẹ, căn giữa nội dung, định dạng icon, heading và đoạn văn.",
    "duration": 24,
    "examples": [
      "<section id=\"services\">\n      <div class=\"content\">\n        <p>Services</p>\n        <h2>Grow your business with us</h2>\n        <div class=\"cards\">\n          <div class=\"card card-android\">\n            <div class=\"card-body\">\n              <i class=\"bi bi-android\"></i>\n              <h2>Android Apps</h2>\n              <p>\n                We have a very experienced team for app development, We offer\n                you a very attractive user interface and functions for your\n                application.\n              </p>\n            </div>\n          </div>\n          <div class=\"card card-website\">\n            <div class=\"card-body\">\n              <i class=\"bi bi-code-square\"></i>\n              <h2>Website</h2>\n              <p>\n                Need a website for your bussiness or personal use ? why are you\n                waiting drop a project request now!\n              </p>\n            </div>\n          </div>\n          <div class=\"card card-others\">\n            <div class=\"card-body\">\n              <i class=\"bi bi-chat-right\"></i>\n              <h2>Other</h2>\n              <p>\n                We provide you any type of technical services as you need, for\n                more details please contact us\n              </p>\n            </div>\n          </div>\n        </div>\n      </div>\n    </section>\n\n#services {\n  margin: auto;\n  width: 100%;\n\n  height: max-content;\n  display: flex;\n  flex-direction: column;\n  align-items: center;\n  padding: 30px;\n  .content {\n    text-align: center;\n    font-family: \"Source Sans Pro\", sans-serif;\n    p {\n      font-size: 23px;\n      margin-bottom: 10px;\n      color: #5e80d2;\n    }\n    h2 {\n      font-size: 33px;\n      color: #1f3569;\n    }\n  }\n  .cards {\n    display: grid;\n    grid-template-columns: repeat(2, 1fr);\n    grid-gap: 10px;\n    margin: 40px 0;\n    .card {\n      border: none;\n      padding: 40px;\n      background-color: #fff;\n      box-shadow: 0px 2px 0px rgba(0, 0, 0, 0.1);\n      border-radius: 5px;\n      place-items: center;\n      width: 250px;\n    }\n    .card-android {\n      border-bottom: 2px solid #3ddc84;\n    }\n    .card-website {\n      border-bottom: 2px solid #ff3a00;\n    }\n    .card-others {\n      border-bottom: 2px solid #5e80d2;\n    }\n    .card-body {\n      display: flex;\n      align-items: center;\n      flex-direction: column;\n    }\n\n    .bi {\n      font-size: 5rem;\n      padding: 0 10px;\n    }\n    .bi-android {\n      color: #3ddc84;\n    }\n    .bi-code-square {\n      color: #ff3a00;\n    }\n    .bi-chat-right {\n      color: #5e80d2;\n    }\n    h2 {\n      margin: 0;\n      font-size: 1.5rem;\n      font-weight: bold;\n    }\n\n    p {\n      margin-top: 10px;\n      font-size: 1rem;\n    }\n  }\n}"
    ],
    "testcases": []
  },
  {
    "order": 6,
    "title": "Task 6 – Tạo Contact Section (form liên hệ)",
    "requirement": "Tạo section #contact gồm phần tiêu đề (“Contact”, “Contact Us”) và một form liên hệ với các trường: Your Name, Your Email, Subject, Message và nút “Send”. Dùng CSS để căn giữa form, đặt chiều rộng cố định, sắp xếp nhãn và input theo cột, bo góc, bỏ viền mặc định, tạo nút gửi màu nổi bật đồng bộ với màu chủ đạo trang.",
    "duration": 24,
    "examples": [
      "<section id=\"contact\">\n      <div class=\"content\">\n        <p>Contact</p>\n        <h2>Contact Us</h2>\n      </div>\n      <form action=\"\" method=\"get\" accept-charset=\"utf-8\">\n        <label for=\"name\">Your Name</label>\n        <input type=\"text\" name=\"name\" id=\"name\" value=\"\" />\n        <label for=\"email\">Your Email</label>\n        <input type=\"email\" name=\"email\" id=\"email\" value=\"\" />\n        <label for=\"subject\">Subject</label>\n        <input type=\"text\" name=\"subject\" id=\"subject\" value=\"\" />\n        <label for=\"message\">Message</label>\n        <textarea name=\"message\" id=\"message\" rows=\"8\" cols=\"40\"></textarea>\n        <button type=\"submit\">Send</button>\n      </form>\n</section>\n\n\n#contact {\n  margin: auto;\n  width: 100%;\n  height: max-content;\n  display: flex;\n  flex-direction: column;\n  align-items: center;\n  padding: 30px;\n\n  .content {\n    text-align: center;\n    font-family: \"Source Sans Pro\", sans-serif;\n    p {\n      font-size: 23px;\n      margin-bottom: 10px;\n      color: #5e80d2;\n    }\n    h2 {\n      font-size: 33px;\n      color: #1f3569;\n    }\n  }\n  form {\n    display: flex;\n    justify-content: center;\n    flex-direction: column;\n    width: 600px;\n    padding: 2rem;\n    label {\n      font-size: 18px;\n      font-family: \"Source Sans Pro\", sans-serif;\n      margin: 10px 0;\n    }\n    input {\n      width: 100%;\n      margin: 0.5rem 0;\n      height: 50px;\n      border: none;\n      outline: none;\n      border-radius: 4px;\n    }\n    textarea {\n      width: 100%;\n      margin: 0.5rem 0;\n      border: none;\n      outline: none;\n      border-radius: 4px;\n    }\n    button {\n      width: 100%;\n      background: #1f3569;\n      border: none;\n      outline: none;\n      color: white;\n      margin: 8px 0 0 0;\n      height: 50px;\n      font-size: 18px;\n      border-radius: 4px;\n    }\n  }\n}"
    ],
    "testcases": []
  },
  {
    "order": 7,
    "title": "Task 7 – Tạo Footer (chân trang)",
    "requirement": "Tạo phần <footer> với tên AppDev (kèm icon) và đoạn mô tả ngắn phía dưới, cùng danh sách icon mạng xã hội (Facebook, Twitter, GitHub, YouTube, LinkedIn) dưới dạng các liên kết. Dùng CSS để căn giữa toàn bộ nội dung theo cột, định dạng font, màu sắc, khoảng cách, và đặt màu riêng cho từng icon mạng xã hội.",
    "duration": 24,
    "examples": [
      "<footer>\n      <div class=\"footer-content\">\n        <h3><i class=\"bi bi-code-slash\"></i> AppDev</h3>\n        <p>\n          et duis esse non nulla aute occaecat proident dolor tempor irure irure\n          ut eu reprehenderit nulla tempor id officia nonconsectetur voluptate\n          duis cillum voluptate sit sit id laboris voluptate\n        </p>\n        <ul class=\"socials\">\n          <li>\n            <a href=\"#\"><i class=\"bi bi-facebook\"></i></a>\n          </li>\n          <li>\n            <a href=\"#\"><i class=\"bi bi-twitter\"></i></a>\n          </li>\n          <li>\n            <a href=\"#\"><i class=\"bi bi-github\"></i></a>\n          </li>\n          <li>\n            <a href=\"#\"><i class=\"bi bi-youtube\"></i></a>\n          </li>\n          <li>\n            <a href=\"#\"><i class=\"bi bi-linkedin\"></i></a>\n          </li>\n        </ul>\n      </div>\n    </footer>\n\nfooter {\n  width: 100vw;\n  overflow: hidden;\n  padding: 20px;\n  font-family: \"Source Sans Pro\", sans-serif;\n  background: #fff;\n  margin: 0;\n  .footer-content {\n    display: flex;\n    width: 100%;\n    justify-content: center;\n    flex-direction: column;\n    text-align: center;\n    h3 {\n      font-size: 2rem;\n      color: #1f3569;\n      margin-bottom: 1rem;\n    }\n    p {\n      font-size: 18px;\n      color: #5e80d2;\n      margin-bottom: 1rem;\n    }\n  }\n  .socials {\n    display: flex;\n    justify-content: center;\n    gap: 12px;\n    li {\n      list-style: none;\n\n      a {\n        text-decoration: none;\n        font-size: 1.5rem;\n      }\n      .bi-facebook {\n        color: #1877f2;\n      }\n      .bi-twitter {\n        color: #1da1f2;\n      }\n      .bi-github {\n        color: #181717;\n      }\n      .bi-youtube {\n        color: #ff0000;\n      }\n      .bi-linkedin {\n        color: #0a66c2;\n      }\n    }\n  }\n}"
    ],
    "testcases": []
  }
]