[
  {
    "order": 1,
    "title": "Task – Tạo phần <head> cho trang clone Netflix",
    "requirement": "Viết phần <head> cho trang web Netflix clone với các yêu cầu:\n\n- Đặt tiêu đề trang là: Netflix - Watch TV Shows Online, Watch Movies Online.\n- Khai báo charset UTF-8.\n- Thêm meta viewport để hỗ trợ responsive trên mobile (width=device-width, initial-scale=1.0), có thuộc tính zoom=\"1.0\".\n- Thêm meta http-equiv=\"X-UA-compatible\" để hỗ trợ IE.\n- Thêm favicon với link rel=\"shortcut icon\" trỏ tới một ảnh .png trên internet.\n- Liên kết file CSS chính của trang (netflixstyles.css) bằng thẻ <link rel=\"stylesheet\">.",
    "duration": 24,
    "examples": [
      "<head>\n\t<title>Netflix - Watch TV Shows Online, Watch Movies Online</title>\n\t<meta charset=\"utf-8\">\n  \t<meta name=\"viewport\" content=\"width=device-width, initial-scale=1.0\" zoom=\"1.0\">\n\t<!--for making the website more responsive-->\n  \t<meta http-equiv=\"X-UA-compatible\" content=\"ie=\">\n  \t<!--for Favicon-->\n  \t<link rel=\"shortcut icon\" type=\"image/png\" href=\"https://img.techpowerup.org/200517/prodipto.png\">\n  \t<!--for CSS-->\n  \t<link rel=\"stylesheet\" type=\"text/css\" href=\"netflixstyles.css\">\n\t<!--link rel=\"stylesheet\" href=\"https://www.w3schools.com/lib/w3.css\"/ -->\n</head>"
    ],
    "testcases": []
  },
  {
    "order": 2,
    "title": "Task – Tạo Hero Section (showcase) cho trang Netflix clone",
    "requirement": "Tạo phần <header> với class showcase làm hero section chính của trang Netflix clone, gồm các phần:\n\nThanh trên cùng (.showcase-top):\n- Chứa một đoạn chữ nhỏ (thẻ p) hiển thị nội dung “Best of the Week”.\n\nThanh điều hướng (<nav>):\n- Chứa một nút dạng link (thẻ a) với class btn btn-m, text “Sign in” và icon mũi tên từ Font Awesome (<i class=\"fas fa-chevron-right btn-icon\"></i>).\n\nKhối nội dung chính (.showcase-content):\n- Dùng để đặt trên nền ảnh (có thể set background-image bằng CSS hoặc inline như gợi ý trong comment).\n- Ở giữa hiển thị tiêu đề lớn (thẻ h1): “Unlimited movies, TV shows and more...” với xuống dòng bằng <br>.\n- Bên dưới là hộp nhập email (.search-box) gồm:\n  - Ô input text (input.search-txt) với placeholder “Email address.”.\n  - Nút TRY IT NOW (thẻ a với class btn btn-x1) kèm icon mũi tên Font Awesome.\n\nPhần thông tin hướng dẫn dưới hero:\n- Một thẻ h3 với nội dung: “Ready to watch? Enter your Email to create or restart your membership.” để nhắc người dùng nhập email tạo/khởi động lại tài khoản.",
    "duration": 24,
    "examples": [
      "<header class=\"showcase\">\n\t\t<div class=\"showcase-top\">\n\t\t\t<p>Best of the Week</p>\n\t\t</div>\n\t\t \n\t\t<nav>\n\t\t\t<a href=\"#\" class=\"btn btn-m\"> Sign in <i class=\"fas fa-chevron-right btn-icon\"></i>\n\t\t\t</a>\n\t\t</nav>\n\t\t<!--inside the following div we could write : style=\"background-image: url('https://img.techpowerup.org/200613/netflix-backgroung-image.jpg');\"-->\n\t\t<div class=\"showcase-content\" >\n\t\t\t<br><br><br><br><br><br><br><br><br><br><br><br><br><br><br>\n\t\t\t<h1>Unlimited movies, TV<br>shows and more...</h1>\n\t\t\t<br><br>\n\t\t\t<div class=\"search-box\">\n\t\t\t<input class=\"search-txt\" type=\"text\" name=\"box\" placeholder=\"Email address.\"><a href=\"#\" class=\"btn  btn-x1\">TRY IT NOW<i class=\"fas fa-chevron-right btn-icon\"></i>\n\t\t\t</a>\t\t\t\n\t\t\t</div>\n\t\t</div>\n\t\t\t\t\n\t\t<div>\n\t\t\t<h3>Ready to watch?  Enter your Email to create or restart your membership. </h3>\n\t\t\t<br><br>\t\t\t\t\n\t\t</div>\n\t</header>"
    ],
    "testcases": []
  },
  {
    "order": 3,
    "title": "Task – Tạo các section nội dung tính năng và FAQ cho trang Netflix clone",
    "requirement": "Tạo một khối giới thiệu xem trên TV (div.enjoy-tv):\n- Bên trái là tiêu đề “Enjoy on your TV.” (thẻ h2) và đoạn mô tả (thẻ p) giải thích có thể xem trên smart TV, PlayStation, Xbox, Chromecast, Apple TV, đầu blu-ray và nhiều thiết bị khác, cho phép xuống dòng bằng <br>.\n- Bên phải là một hình minh họa TV, sử dụng thẻ img với đường dẫn ảnh từ internet.\n\nTạo một khối giới thiệu tải về xem offline (div.Watch-offline):\n- Bên trong có h2 với nội dung “Download your shows to watch offline.” (cho phép xuống dòng).\n- Đoạn mô tả trong thẻ p nhấn mạnh khả năng lưu chương trình yêu thích để luôn có cái để xem.\n- Một hình minh họa ứng dụng di động với thẻ img dùng link ảnh bên ngoài.\n\nTạo một khối giới thiệu xem trên mọi thiết bị (div.watch-everywhere):\n- Tiêu đề “Watch Everywhere.” (thẻ h2).\n- Đoạn p mô tả có thể stream phim và chương trình truyền hình không giới hạn trên điện thoại, tablet, laptop và TV, với xuống dòng bằng <br>.\n\nTạo một khối câu hỏi thường gặp (div.ask-question):\n- Tiêu đề chính “Frequently Asked Questions...” (thẻ h1).\n- Một loạt nút câu hỏi (button) cho các câu FAQ: “What is Netflix?”, “How much does Netflix costs?”, “Where can I watch?”, “How do I cancel?”, “What can I watch on Netflix?”, mỗi nút cách nhau bằng <br><br>.\n\nTạo khối nhập email và nút dùng thử dưới phần FAQ:\n- Một ô input (input.search-txt) với placeholder “Email address”.\n- Nút TRY IT NOW (thẻ a với class btn btn-x1), kèm icon mũi tên Font Awesome (<i class=\"fas fa-chevron-right btn-icon\"></i>).\n\nBên dưới thêm đoạn nhắc lại lời kêu gọi:\n- Thẻ h3 với nội dung: “Ready to watch? Enter your email to create or restart your membership.” để khuyến khích người dùng nhập email đăng ký/khởi động lại tài khoản.",
    "duration": 48,
    "examples": [
      "<div class=\"enjoy-tv\">\n\t\t<div>\n\t\t\t<h2> Enjoy on your TV. </h2>\n\t\t\t<p>Watch on your smart-TV, PlayStation,<br>XBox, ChromeCast, AppleTV, blu-<br>ray players and more.</p>\n\t\t</div>\n\t\t<img src=\"https://t.ctcdn.com.br/hxMIOa4911i56IHic6sETQtHCBg=/1270x714/smart/i541471.jpeg\">\n\t</div>\n\n\t<div class=\"Watch-offline\">\n\t\t<div>\n\t\t\t<h2>Download your shows<br>to watch offline.</h2>\n\t\t\t<p>Save your favourites easily and<br>always have something to watch.</p>\n\t\t</div>\n\t\t<img src=\"https://play-lh.googleusercontent.com/4DOuvVtWKp_dcvPvueS-g3tUQw08AtSgumH1b7iNlX4YkcwUyBcAsKWIljaDjxT3hKc=w526-h296-rw\">\n\t</div>\n\n\t<div class=\"watch-everywhere\">\n\t\t<h2>Watch Everywhere.</h2>\n\t\t<p>Stream unlimited movies and TV<br>shows on your phon, tablet, laptop,<br>and TV.</p>\n\t</div>\n\n\t<div class=\"ask-question\">\n\t\t<h1>Frequently Asked Questions...</h1>\n\t\t<button>What is Netfiix?</button><br><br>\n\t\t<button>How much does Netflix costs?</button><br><br>\n\t\t<button>Where can I watch?</button><br><br>\n\t\t<button>How do I cancel?</button><br><br>\n\t\t<button>What can I watch on netflix?</button>\n\t</div>\n\n\t<div>\n\t\t<input class=\"search-txt\" type=\"text\" name=\"box\" placeholder=\"Email address\"><a href=\"#\" class=\"btn btn-x1\">TRY IT NOW><i class=\"fas fa-chevron-right btn-icon\"></i></a>\n\t</div>\n\t<br>\n\n\t<div>\n\t\t<h3>Ready to watch? Enter your email to create or restart your membership.</h3><br><br>\n\t</div>"
    ],
    "testcases": []
  },
  {
    "order": 4,
    "title": "Task – Tạo footer trang Netflix clone với các liên kết hỗ trợ và thông tin",
    "requirement": "Tạo phần chân trang (footer với class page-down) chứa danh sách nhiều đường dẫn dạng văn bản, mỗi mục là một thẻ p bao quanh một thẻ a.\n\nNội dung các liên kết bao gồm:\n- Quetions? Call 000-800-040-1842\n- FAQ\n- Investor Relations.\n- Privacy.\n- Speed Test.\n- Netflix India\n- Help Center.\n- Jobs.\n- Cookie Preference.\n- Legal Notices.\n- Account.\n- Way to Watch.\n- Corporate Information.\n- Netflix Originals.\n- Media Centre.\n- Terms of Use.\n- Contact us",
    "duration": 24,
    "examples": [
      "<footer class=\"page-down\">\n\t\t\t<p style=\"font-weight: 600;\"><a href=\"#\">Quetions? Call 000-800-040-1842</a></p>\n\t\t\t<p style=\"font-weight: 600;\"><a href=\"#\">FAQ</a></p>\n\t\t\t<p style=\"font-weight: 600;\"><a href=\"#\">Investor Relations.</a></p>\n\t\t\t<p style=\"font-weight: 600;\"><a href=\"#\">Privacy.</a></p>\n\t\t\t<p style=\"font-weight: 600;\"><a href=\"#\">Speed Test.</a></p>\n\t\t\t<p><a href=\"#\">Netflix India</a></p>\t\n\t\t\t<p><a href=\"#\">Help Center.</a></p>\n\t\t\t<p><a href=\"#\">Jobs.</a></p>\n\t\t\t<p><a href=\"#\">Cookie Preference.</a></p>\n\t\t\t<p><a href=\"#\">Legal Notices.</a></p>\n\t\t\t<p><a href=\"#\">Account.</a></p>\n\t\t\t<p><a href=\"#\">Way to Watch.</a></p>\n\t\t\t<p><a href=\"#\">Corporate Information.</a></p>\n\t\t\t<p><a href=\"#\">Netflix Originals.</a></p>\n\t\t\t<p><a href=\"#\">Media Centre.</a></p>\t\n\t\t\t<p><a href=\"#\">Terms of Use.</a></p>\n\t\t\t<p><a href=\"#\">Contact us</a></p>\n</footer>"
    ],
    "testcases": []
  }
]